{
  "metadata": {
    "aggregate": {
      "ate_abs_error": 0.1280029385410096,
      "ate_hat": 4.815875292101878,
      "ate_true": 4.7502395774402455,
      "control_counterfactual_rmse": 1.153163912484918,
      "counterfactual_rmse": 2.157472841089283,
      "pehe": 2.1531099315994426,
      "treated_counterfactual_rmse": 3.8937208780197827
    },
    "experiment": {
      "dataset_type": "noisy",
      "experiment_name": "gaussian_continuous_std_0p10",
      "k": 5,
      "metric": "euclidean",
      "noise_spec": {
        "continuous_feature_indices": [
          0,
          1,
          2,
          3,
          4,
          5
        ],
        "description": "Gaussian noise on continuous covariates only.",
        "drop_scope": "global",
        "drop_value": 0.0,
        "gaussian_mean": 0.0,
        "gaussian_std": 0.1,
        "mode": "gaussian",
        "name": "gaussian_continuous_std_0p10",
        "num_drop_columns": 0,
        "seed": 20260415
      },
      "scale": true,
      "weighted": false
    },
    "num_replicas": 10
  },
  "replicas": [
    {
      "ate_abs_error": 0.015208479346339843,
      "ate_hat": 4.000858416771998,
      "ate_true": 4.016066896118338,
      "control_counterfactual_rmse": 1.1360844725115737,
      "counterfactual_rmse": 1.1932081147157916,
      "dataset": "ihdp_npci_1.csv",
      "dataset_path": "csds452_project_spring_2026\\experiments\\knn_counterfactual\\noisy\\gaussian_continuous_std_0p10\\datasets\\ihdp_npci_1.csv",
      "k": 5,
      "metric": "euclidean",
      "pehe": 1.168916322480151,
      "scaled": true,
      "treated_counterfactual_rmse": 1.4162461942878601,
      "weighted": false
    },
    {
      "ate_abs_error": 0.1892199427925867,
      "ate_hat": 4.775220488753636,
      "ate_true": 4.586000545961049,
      "control_counterfactual_rmse": 1.166768492231914,
      "counterfactual_rmse": 2.8313154018780913,
      "dataset": "ihdp_npci_10.csv",
      "dataset_path": "csds452_project_spring_2026\\experiments\\knn_counterfactual\\noisy\\gaussian_continuous_std_0p10\\datasets\\ihdp_npci_10.csv",
      "k": 5,
      "metric": "euclidean",
      "pehe": 2.8243917136643817,
      "scaled": true,
      "treated_counterfactual_rmse": 6.093109163433283,
      "weighted": false
    },
    {
      "ate_abs_error": 0.08485460600081929,
      "ate_hat": 4.135693366043945,
      "ate_true": 4.050838760043126,
      "control_counterfactual_rmse": 1.133219595259763,
      "counterfactual_rmse": 1.1369920372346245,
      "dataset": "ihdp_npci_2.csv",
      "dataset_path": "csds452_project_spring_2026\\experiments\\knn_counterfactual\\noisy\\gaussian_continuous_std_0p10\\datasets\\ihdp_npci_2.csv",
      "k": 5,
      "metric": "euclidean",
      "pehe": 1.1331891934483076,
      "scaled": true,
      "treated_counterfactual_rmse": 1.1533480603512885,
      "weighted": false
    },
    {
      "ate_abs_error": 0.009855716208815757,
      "ate_hat": 4.109019364180103,
      "ate_true": 4.099163647971287,
      "control_counterfactual_rmse": 1.0879797242203257,
      "counterfactual_rmse": 1.1360672352482455,
      "dataset": "ihdp_npci_3.csv",
      "dataset_path": "csds452_project_spring_2026\\experiments\\knn_counterfactual\\noisy\\gaussian_continuous_std_0p10\\datasets\\ihdp_npci_3.csv",
      "k": 5,
      "metric": "euclidean",
      "pehe": 1.1731031976852613,
      "scaled": true,
      "treated_counterfactual_rmse": 1.3260670977446096,
      "weighted": false
    },
    {
      "ate_abs_error": 0.0028867865228203726,
      "ate_hat": 4.27079167091567,
      "ate_true": 4.27367845743849,
      "control_counterfactual_rmse": 1.1697359755648153,
      "counterfactual_rmse": 1.3023314360975582,
      "dataset": "ihdp_npci_4.csv",
      "dataset_path": "csds452_project_spring_2026\\experiments\\knn_counterfactual\\noisy\\gaussian_continuous_std_0p10\\datasets\\ihdp_npci_4.csv",
      "k": 5,
      "metric": "euclidean",
      "pehe": 1.2562649198031766,
      "scaled": true,
      "treated_counterfactual_rmse": 1.7691329544024186,
      "weighted": false
    },
    {
      "ate_abs_error": 0.051157191986172634,
      "ate_hat": 4.21359689969239,
      "ate_true": 4.162439707706217,
      "control_counterfactual_rmse": 1.1521834850670276,
      "counterfactual_rmse": 1.4967200027005618,
      "dataset": "ihdp_npci_5.csv",
      "dataset_path": "csds452_project_spring_2026\\experiments\\knn_counterfactual\\noisy\\gaussian_continuous_std_0p10\\datasets\\ihdp_npci_5.csv",
      "k": 5,
      "metric": "euclidean",
      "pehe": 1.4500967207364632,
      "scaled": true,
      "treated_counterfactual_rmse": 2.4964309463866785,
      "weighted": false
    },
    {
      "ate_abs_error": 0.1508561645008193,
      "ate_hat": 4.154823758801358,
      "ate_true": 4.003967594300539,
      "control_counterfactual_rmse": 1.1158293879426637,
      "counterfactual_rmse": 1.1822354513988422,
      "dataset": "ihdp_npci_6.csv",
      "dataset_path": "csds452_project_spring_2026\\experiments\\knn_counterfactual\\noisy\\gaussian_continuous_std_0p10\\datasets\\ihdp_npci_6.csv",
      "k": 5,
      "metric": "euclidean",
      "pehe": 1.1507520833323037,
      "scaled": true,
      "treated_counterfactual_rmse": 1.4370776685544917,
      "weighted": false
    },
    {
      "ate_abs_error": 0.14732598649278383,
      "ate_hat": 3.843223506727525,
      "ate_true": 3.9905494932203087,
      "control_counterfactual_rmse": 1.162012830882864,
      "counterfactual_rmse": 1.162358554763418,
      "dataset": "ihdp_npci_7.csv",
      "dataset_path": "csds452_project_spring_2026\\experiments\\knn_counterfactual\\noisy\\gaussian_continuous_std_0p10\\datasets\\ihdp_npci_7.csv",
      "k": 5,
      "metric": "euclidean",
      "pehe": 1.1136878564246704,
      "scaled": true,
      "treated_counterfactual_rmse": 1.1638695788060263,
      "weighted": false
    },
    {
      "ate_abs_error": 0.14641486703494566,
      "ate_hat": 3.7072384885992844,
      "ate_true": 3.85365335563423,
      "control_counterfactual_rmse": 1.1871129025899358,
      "counterfactual_rmse": 1.3336697257011083,
      "dataset": "ihdp_npci_8.csv",
      "dataset_path": "csds452_project_spring_2026\\experiments\\knn_counterfactual\\noisy\\gaussian_continuous_std_0p10\\datasets\\ihdp_npci_8.csv",
      "k": 5,
      "metric": "euclidean",
      "pehe": 1.4447561662385313,
      "scaled": true,
      "treated_counterfactual_rmse": 1.842453118565891,
      "weighted": false
    },
    {
      "ate_abs_error": 0.48224964452399277,
      "ate_hat": 10.948286960532869,
      "ate_true": 10.466037316008876,
      "control_counterfactual_rmse": 1.2207122585782948,
      "counterfactual_rmse": 8.799830451154586,
      "dataset": "ihdp_npci_9.csv",
      "dataset_path": "csds452_project_spring_2026\\experiments\\knn_counterfactual\\noisy\\gaussian_continuous_std_0p10\\datasets\\ihdp_npci_9.csv",
      "k": 5,
      "metric": "euclidean",
      "pehe": 8.815941142181176,
      "scaled": true,
      "treated_counterfactual_rmse": 20.23947399766528,
      "weighted": false
    }
  ]
}
