{
  "metadata": {
    "aggregate": {
      "ate_abs_error": 0.15042298014511263,
      "ate_hat": 4.833338210975321,
      "ate_true": 4.7502395774402455,
      "control_counterfactual_rmse": 1.154633548625324,
      "counterfactual_rmse": 2.36322033671784,
      "pehe": 2.35246398623418,
      "treated_counterfactual_rmse": 4.3892477770249085
    },
    "experiment": {
      "dataset_type": "noisy",
      "experiment_name": "drop_global_5cols",
      "k": 5,
      "metric": "euclidean",
      "noise_spec": {
        "continuous_feature_indices": [
          0,
          1,
          2,
          3,
          4,
          5
        ],
        "description": "Drop the same five covariate columns across all replicas.",
        "drop_scope": "global",
        "drop_value": 0.0,
        "gaussian_mean": 0.0,
        "gaussian_std": 0.0,
        "mode": "drop",
        "name": "drop_global_5cols",
        "num_drop_columns": 5,
        "seed": 20260416
      },
      "scale": true,
      "weighted": false
    },
    "num_replicas": 10
  },
  "replicas": [
    {
      "ate_abs_error": 0.008980841707448839,
      "ate_hat": 4.025047737825787,
      "ate_true": 4.016066896118338,
      "control_counterfactual_rmse": 1.155112074896349,
      "counterfactual_rmse": 1.2110025026204598,
      "dataset": "ihdp_npci_1.csv",
      "dataset_path": "csds452_project_spring_2026\\experiments\\knn_counterfactual\\noisy\\drop_global_5cols\\datasets\\ihdp_npci_1.csv",
      "k": 5,
      "metric": "euclidean",
      "pehe": 1.1606131681282759,
      "scaled": true,
      "treated_counterfactual_rmse": 1.4300251550922367,
      "weighted": false
    },
    {
      "ate_abs_error": 0.20561686144685165,
      "ate_hat": 4.791617407407901,
      "ate_true": 4.586000545961049,
      "control_counterfactual_rmse": 1.1150876422926042,
      "counterfactual_rmse": 2.8182543305518357,
      "dataset": "ihdp_npci_10.csv",
      "dataset_path": "csds452_project_spring_2026\\experiments\\knn_counterfactual\\noisy\\drop_global_5cols\\datasets\\ihdp_npci_10.csv",
      "k": 5,
      "metric": "euclidean",
      "pehe": 2.7922550288526966,
      "scaled": true,
      "treated_counterfactual_rmse": 6.102889277852735,
      "weighted": false
    },
    {
      "ate_abs_error": 0.10917348823271045,
      "ate_hat": 4.160012248275836,
      "ate_true": 4.050838760043126,
      "control_counterfactual_rmse": 1.147597264683423,
      "counterfactual_rmse": 1.138348065332443,
      "dataset": "ihdp_npci_2.csv",
      "dataset_path": "csds452_project_spring_2026\\experiments\\knn_counterfactual\\noisy\\drop_global_5cols\\datasets\\ihdp_npci_2.csv",
      "k": 5,
      "metric": "euclidean",
      "pehe": 1.1216650269295376,
      "scaled": true,
      "treated_counterfactual_rmse": 1.096974926198541,
      "weighted": false
    },
    {
      "ate_abs_error": 0.0425487498945909,
      "ate_hat": 4.141712397865878,
      "ate_true": 4.099163647971287,
      "control_counterfactual_rmse": 1.075545518728504,
      "counterfactual_rmse": 1.1226536716371909,
      "dataset": "ihdp_npci_3.csv",
      "dataset_path": "csds452_project_spring_2026\\experiments\\knn_counterfactual\\noisy\\drop_global_5cols\\datasets\\ihdp_npci_3.csv",
      "k": 5,
      "metric": "euclidean",
      "pehe": 1.1628077120966658,
      "scaled": true,
      "treated_counterfactual_rmse": 1.3089319964473651,
      "weighted": false
    },
    {
      "ate_abs_error": 0.0009381128063772337,
      "ate_hat": 4.272740344632113,
      "ate_true": 4.27367845743849,
      "control_counterfactual_rmse": 1.1879274207108184,
      "counterfactual_rmse": 1.3441552683445561,
      "dataset": "ihdp_npci_4.csv",
      "dataset_path": "csds452_project_spring_2026\\experiments\\knn_counterfactual\\noisy\\drop_global_5cols\\datasets\\ihdp_npci_4.csv",
      "k": 5,
      "metric": "euclidean",
      "pehe": 1.316982999715448,
      "scaled": true,
      "treated_counterfactual_rmse": 1.8807094794875194,
      "weighted": false
    },
    {
      "ate_abs_error": 0.009393539278233831,
      "ate_hat": 4.153046168427983,
      "ate_true": 4.162439707706217,
      "control_counterfactual_rmse": 1.1792483180566375,
      "counterfactual_rmse": 1.678221089314143,
      "dataset": "ihdp_npci_5.csv",
      "dataset_path": "csds452_project_spring_2026\\experiments\\knn_counterfactual\\noisy\\drop_global_5cols\\datasets\\ihdp_npci_5.csv",
      "k": 5,
      "metric": "euclidean",
      "pehe": 1.6394920921839264,
      "scaled": true,
      "treated_counterfactual_rmse": 3.008823080985698,
      "weighted": false
    },
    {
      "ate_abs_error": 0.13816143635967482,
      "ate_hat": 4.142129030660214,
      "ate_true": 4.003967594300539,
      "control_counterfactual_rmse": 1.116637071065004,
      "counterfactual_rmse": 1.188150142704143,
      "dataset": "ihdp_npci_6.csv",
      "dataset_path": "csds452_project_spring_2026\\experiments\\knn_counterfactual\\noisy\\drop_global_5cols\\datasets\\ihdp_npci_6.csv",
      "k": 5,
      "metric": "euclidean",
      "pehe": 1.1373989526832198,
      "scaled": true,
      "treated_counterfactual_rmse": 1.460359749329777,
      "weighted": false
    },
    {
      "ate_abs_error": 0.17112935962784315,
      "ate_hat": 3.8194201335924656,
      "ate_true": 3.9905494932203087,
      "control_counterfactual_rmse": 1.1692688982648367,
      "counterfactual_rmse": 1.1728704886159669,
      "dataset": "ihdp_npci_7.csv",
      "dataset_path": "csds452_project_spring_2026\\experiments\\knn_counterfactual\\noisy\\drop_global_5cols\\datasets\\ihdp_npci_7.csv",
      "k": 5,
      "metric": "euclidean",
      "pehe": 1.1036703479848282,
      "scaled": true,
      "treated_counterfactual_rmse": 1.1884959354997469,
      "weighted": false
    },
    {
      "ate_abs_error": 0.15516072133773617,
      "ate_hat": 3.698492634296494,
      "ate_true": 3.85365335563423,
      "control_counterfactual_rmse": 1.1736586588075328,
      "counterfactual_rmse": 1.3609200860937039,
      "dataset": "ihdp_npci_8.csv",
      "dataset_path": "csds452_project_spring_2026\\experiments\\knn_counterfactual\\noisy\\drop_global_5cols\\datasets\\ihdp_npci_8.csv",
      "k": 5,
      "metric": "euclidean",
      "pehe": 1.456318891293428,
      "scaled": true,
      "treated_counterfactual_rmse": 1.9819631182498694,
      "weighted": false
    },
    {
      "ate_abs_error": 0.6631266907596594,
      "ate_hat": 11.129164006768535,
      "ate_true": 10.466037316008876,
      "control_counterfactual_rmse": 1.2262526187475322,
      "counterfactual_rmse": 10.597627721963955,
      "dataset": "ihdp_npci_9.csv",
      "dataset_path": "csds452_project_spring_2026\\experiments\\knn_counterfactual\\noisy\\drop_global_5cols\\datasets\\ihdp_npci_9.csv",
      "k": 5,
      "metric": "euclidean",
      "pehe": 10.633435642473776,
      "scaled": true,
      "treated_counterfactual_rmse": 24.433305051105602,
      "weighted": false
    }
  ]
}
