{
  "metadata": {
    "aggregate": {
      "ate_abs_error": 0.027777619756376735,
      "ate_hat": 4.032837415026734,
      "ate_true": 4.016066896118338,
      "control_counterfactual_rmse": 1.0787252413847337,
      "counterfactual_rmse": 1.1246851746892508,
      "pehe": 1.0955381198915866,
      "treated_counterfactual_rmse": 1.3004708015602142
    },
    "experiment": {
      "input_dir": "C:\\Users\\hieuv\\Code\\452_proj\\csds452_project_spring_2026\\experiments\\knn_counterfactual\\noisy\\drop_3_rep",
      "k": 18,
      "metric": "euclidean",
      "pattern": "ihdp_npci_1_drop_*.csv",
      "scale": false,
      "weighted": true
    },
    "num_replicas": 5
  },
  "replicas": [
    {
      "ate_abs_error": 0.017212802606875854,
      "ate_hat": 3.9988540935114623,
      "ate_true": 4.016066896118338,
      "control_counterfactual_rmse": 1.058820561419792,
      "counterfactual_rmse": 1.0822801386168701,
      "dataset": "ihdp_npci_1_drop_12.csv",
      "dataset_path": "C:\\Users\\hieuv\\Code\\452_proj\\csds452_project_spring_2026\\experiments\\knn_counterfactual\\noisy\\drop_3_rep\\ihdp_npci_1_drop_12.csv",
      "k": 18,
      "metric": "euclidean",
      "pehe": 1.0501175388624493,
      "scaled": false,
      "treated_counterfactual_rmse": 1.1794229058174726,
      "weighted": true
    },
    {
      "ate_abs_error": 0.08766325361990557,
      "ate_hat": 4.103730149738244,
      "ate_true": 4.016066896118338,
      "control_counterfactual_rmse": 1.1288656263687595,
      "counterfactual_rmse": 1.247043239689341,
      "dataset": "ihdp_npci_1_drop_15.csv",
      "dataset_path": "C:\\Users\\hieuv\\Code\\452_proj\\csds452_project_spring_2026\\experiments\\knn_counterfactual\\noisy\\drop_3_rep\\ihdp_npci_1_drop_15.csv",
      "k": 18,
      "metric": "euclidean",
      "pehe": 1.2075865290239742,
      "scaled": false,
      "treated_counterfactual_rmse": 1.668314572882633,
      "weighted": true
    },
    {
      "ate_abs_error": 0.008108352849962586,
      "ate_hat": 4.024175248968301,
      "ate_true": 4.016066896118338,
      "control_counterfactual_rmse": 1.066744737685054,
      "counterfactual_rmse": 1.0983436489106786,
      "dataset": "ihdp_npci_1_drop_3.csv",
      "dataset_path": "C:\\Users\\hieuv\\Code\\452_proj\\csds452_project_spring_2026\\experiments\\knn_counterfactual\\noisy\\drop_3_rep\\ihdp_npci_1_drop_3.csv",
      "k": 18,
      "metric": "euclidean",
      "pehe": 1.0745685436413461,
      "scaled": false,
      "treated_counterfactual_rmse": 1.2270331713610454,
      "weighted": true
    },
    {
      "ate_abs_error": 0.015598740192062976,
      "ate_hat": 4.031665636310401,
      "ate_true": 4.016066896118338,
      "control_counterfactual_rmse": 1.0672075903349252,
      "counterfactual_rmse": 1.0985826531670615,
      "dataset": "ihdp_npci_1_drop_6.csv",
      "dataset_path": "C:\\Users\\hieuv\\Code\\452_proj\\csds452_project_spring_2026\\experiments\\knn_counterfactual\\noisy\\drop_3_rep\\ihdp_npci_1_drop_6.csv",
      "k": 18,
      "metric": "euclidean",
      "pehe": 1.0753064257969873,
      "scaled": false,
      "treated_counterfactual_rmse": 1.2264223925099675,
      "weighted": true
    },
    {
      "ate_abs_error": 0.0103049495130767,
      "ate_hat": 4.005761946605261,
      "ate_true": 4.016066896118338,
      "control_counterfactual_rmse": 1.071987691115139,
      "counterfactual_rmse": 1.0971761930623032,
      "dataset": "ihdp_npci_1_drop_9.csv",
      "dataset_path": "C:\\Users\\hieuv\\Code\\452_proj\\csds452_project_spring_2026\\experiments\\knn_counterfactual\\noisy\\drop_3_rep\\ihdp_npci_1_drop_9.csv",
      "k": 18,
      "metric": "euclidean",
      "pehe": 1.0701115621331763,
      "scaled": false,
      "treated_counterfactual_rmse": 1.2011609652299535,
      "weighted": true
    }
  ]
}
