{
  "aggregate": {
    "ate_abs_error": 0.16074246515587723,
    "ate_hat": 4.837734380606984,
    "ate_true": 4.7502395774402455,
    "control_counterfactual_rmse": 1.073864892054892,
    "counterfactual_rmse": 1.9846866300932664,
    "pehe": 1.972342288263589,
    "treated_counterfactual_rmse": 3.5625545069852946
  },
  "experiment": {
    "input_dir": "C:\\Users\\hieuv\\Code\\452_proj\\csds452_project_spring_2026\\data\\ihdp_dataset\\csv",
    "k": 18,
    "metric": "euclidean",
    "pattern": "ihdp_npci_*.csv",
    "scale": false,
    "weighted": true
  },
  "num_replicas": 10
}
