{
  "metadata": {
    "aggregate": {
      "ate_abs_error": 0.16074246515587723,
      "ate_hat": 4.837734380606984,
      "ate_true": 4.7502395774402455,
      "control_counterfactual_rmse": 1.073864892054892,
      "counterfactual_rmse": 1.9846866300932664,
      "pehe": 1.972342288263589,
      "treated_counterfactual_rmse": 3.5625545069852946
    },
    "experiment": {
      "input_dir": "C:\\Users\\hieuv\\Code\\452_proj\\csds452_project_spring_2026\\data\\ihdp_dataset\\csv",
      "k": 18,
      "metric": "euclidean",
      "pattern": "ihdp_npci_*.csv",
      "scale": false,
      "weighted": true
    },
    "num_replicas": 10
  },
  "replicas": [
    {
      "ate_abs_error": 0.01365449583640288,
      "ate_hat": 4.002412400281935,
      "ate_true": 4.016066896118338,
      "control_counterfactual_rmse": 1.0647517851082984,
      "counterfactual_rmse": 1.0959847680073698,
      "dataset": "ihdp_npci_1.csv",
      "dataset_path": "C:\\Users\\hieuv\\Code\\452_proj\\csds452_project_spring_2026\\data\\ihdp_dataset\\csv\\ihdp_npci_1.csv",
      "k": 18,
      "metric": "euclidean",
      "pehe": 1.0609799055957783,
      "scaled": false,
      "treated_counterfactual_rmse": 1.2232637723784903,
      "weighted": true
    },
    {
      "ate_abs_error": 0.22242178589562211,
      "ate_hat": 4.808422331856671,
      "ate_true": 4.586000545961049,
      "control_counterfactual_rmse": 1.087616187120149,
      "counterfactual_rmse": 3.0351380503660015,
      "dataset": "ihdp_npci_10.csv",
      "dataset_path": "C:\\Users\\hieuv\\Code\\452_proj\\csds452_project_spring_2026\\data\\ihdp_dataset\\csv\\ihdp_npci_10.csv",
      "k": 18,
      "metric": "euclidean",
      "pehe": 2.9893335064775215,
      "scaled": false,
      "treated_counterfactual_rmse": 6.6582573797557325,
      "weighted": true
    },
    {
      "ate_abs_error": 0.04228880151068548,
      "ate_hat": 4.093127561553811,
      "ate_true": 4.050838760043126,
      "control_counterfactual_rmse": 1.086646083035862,
      "counterfactual_rmse": 1.1132998684766355,
      "dataset": "ihdp_npci_2.csv",
      "dataset_path": "C:\\Users\\hieuv\\Code\\452_proj\\csds452_project_spring_2026\\data\\ihdp_dataset\\csv\\ihdp_npci_2.csv",
      "k": 18,
      "metric": "euclidean",
      "pehe": 1.0852283299380638,
      "scaled": false,
      "treated_counterfactual_rmse": 1.2230781857235293,
      "weighted": true
    },
    {
      "ate_abs_error": 0.019082742794624963,
      "ate_hat": 4.118246390765912,
      "ate_true": 4.099163647971287,
      "control_counterfactual_rmse": 0.9967902646321809,
      "counterfactual_rmse": 1.030935954793408,
      "dataset": "ihdp_npci_3.csv",
      "dataset_path": "C:\\Users\\hieuv\\Code\\452_proj\\csds452_project_spring_2026\\data\\ihdp_dataset\\csv\\ihdp_npci_3.csv",
      "k": 18,
      "metric": "euclidean",
      "pehe": 1.070444339508022,
      "scaled": false,
      "treated_counterfactual_rmse": 1.1686245825696602,
      "weighted": true
    },
    {
      "ate_abs_error": 0.0968478047176955,
      "ate_hat": 4.176830652720795,
      "ate_true": 4.27367845743849,
      "control_counterfactual_rmse": 1.0843524768378763,
      "counterfactual_rmse": 1.2326746614519009,
      "dataset": "ihdp_npci_4.csv",
      "dataset_path": "C:\\Users\\hieuv\\Code\\452_proj\\csds452_project_spring_2026\\data\\ihdp_dataset\\csv\\ihdp_npci_4.csv",
      "k": 18,
      "metric": "euclidean",
      "pehe": 1.2303777442229218,
      "scaled": false,
      "treated_counterfactual_rmse": 1.7385967973651355,
      "weighted": true
    },
    {
      "ate_abs_error": 0.02288415841887126,
      "ate_hat": 4.185323866125088,
      "ate_true": 4.162439707706217,
      "control_counterfactual_rmse": 1.1126953216063387,
      "counterfactual_rmse": 1.4494065377264553,
      "dataset": "ihdp_npci_5.csv",
      "dataset_path": "C:\\Users\\hieuv\\Code\\452_proj\\csds452_project_spring_2026\\data\\ihdp_dataset\\csv\\ihdp_npci_5.csv",
      "k": 18,
      "metric": "euclidean",
      "pehe": 1.3910382791865394,
      "scaled": false,
      "treated_counterfactual_rmse": 2.4236883889027117,
      "weighted": true
    },
    {
      "ate_abs_error": 0.1389913292813283,
      "ate_hat": 4.142958923581867,
      "ate_true": 4.003967594300539,
      "control_counterfactual_rmse": 1.038095615957442,
      "counterfactual_rmse": 1.092348724572886,
      "dataset": "ihdp_npci_6.csv",
      "dataset_path": "C:\\Users\\hieuv\\Code\\452_proj\\csds452_project_spring_2026\\data\\ihdp_dataset\\csv\\ihdp_npci_6.csv",
      "k": 18,
      "metric": "euclidean",
      "pehe": 1.0255020833891717,
      "scaled": false,
      "treated_counterfactual_rmse": 1.3033796138213374,
      "weighted": true
    },
    {
      "ate_abs_error": 0.1654033389934666,
      "ate_hat": 3.825146154226842,
      "ate_true": 3.9905494932203087,
      "control_counterfactual_rmse": 1.0790428553463334,
      "counterfactual_rmse": 1.0809740856102272,
      "dataset": "ihdp_npci_7.csv",
      "dataset_path": "C:\\Users\\hieuv\\Code\\452_proj\\csds452_project_spring_2026\\data\\ihdp_dataset\\csv\\ihdp_npci_7.csv",
      "k": 18,
      "metric": "euclidean",
      "pehe": 1.05320695169863,
      "scaled": false,
      "treated_counterfactual_rmse": 1.0893812425184513,
      "weighted": true
    },
    {
      "ate_abs_error": 0.09033267039812642,
      "ate_hat": 3.7633206852361036,
      "ate_true": 3.85365335563423,
      "control_counterfactual_rmse": 1.1029764011694847,
      "counterfactual_rmse": 1.1825272624512035,
      "dataset": "ihdp_npci_8.csv",
      "dataset_path": "C:\\Users\\hieuv\\Code\\452_proj\\csds452_project_spring_2026\\data\\ihdp_dataset\\csv\\ihdp_npci_8.csv",
      "k": 18,
      "metric": "euclidean",
      "pehe": 1.2326875004191638,
      "scaled": false,
      "treated_counterfactual_rmse": 1.4810950454944605,
      "weighted": true
    },
    {
      "ate_abs_error": 0.7955175237119487,
      "ate_hat": 11.261554839720825,
      "ate_true": 10.466037316008876,
      "control_counterfactual_rmse": 1.085681929734956,
      "counterfactual_rmse": 7.533576387476575,
      "dataset": "ihdp_npci_9.csv",
      "dataset_path": "C:\\Users\\hieuv\\Code\\452_proj\\csds452_project_spring_2026\\data\\ihdp_dataset\\csv\\ihdp_npci_9.csv",
      "k": 18,
      "metric": "euclidean",
      "pehe": 7.584624242200078,
      "scaled": false,
      "treated_counterfactual_rmse": 17.31618006132344,
      "weighted": true
    }
  ]
}
