{
  "metadata": {
    "aggregate": {
      "ate_abs_error": 0.12164717118361286,
      "ate_hat": 4.807931770312263,
      "ate_true": 4.7502395774402455,
      "control_counterfactual_rmse": 1.1556916964068062,
      "counterfactual_rmse": 2.152848368835822,
      "pehe": 2.1438804128712263,
      "treated_counterfactual_rmse": 3.8807527700606537
    },
    "experiment": {
      "input_dir": "C:\\Users\\hieuv\\Code\\452_proj\\csds452_project_spring_2026\\data\\ihdp_dataset\\csv",
      "k": 5,
      "metric": "euclidean",
      "pattern": "ihdp_npci_*.csv",
      "scale": true,
      "weighted": false
    },
    "num_replicas": 10
  },
  "replicas": [
    {
      "ate_abs_error": 0.012222779053843169,
      "ate_hat": 4.003844117064495,
      "ate_true": 4.016066896118338,
      "control_counterfactual_rmse": 1.1346021793996204,
      "counterfactual_rmse": 1.1905495808705147,
      "dataset": "ihdp_npci_1.csv",
      "dataset_path": "C:\\Users\\hieuv\\Code\\452_proj\\csds452_project_spring_2026\\data\\ihdp_dataset\\csv\\ihdp_npci_1.csv",
      "k": 5,
      "metric": "euclidean",
      "pehe": 1.161179983510359,
      "scaled": true,
      "treated_counterfactual_rmse": 1.4094035764106465,
      "weighted": false
    },
    {
      "ate_abs_error": 0.14691062140982591,
      "ate_hat": 4.732911167370875,
      "ate_true": 4.586000545961049,
      "control_counterfactual_rmse": 1.167686055513829,
      "counterfactual_rmse": 2.7994354903889995,
      "dataset": "ihdp_npci_10.csv",
      "dataset_path": "C:\\Users\\hieuv\\Code\\452_proj\\csds452_project_spring_2026\\data\\ihdp_dataset\\csv\\ihdp_npci_10.csv",
      "k": 5,
      "metric": "euclidean",
      "pehe": 2.7783589632134458,
      "scaled": true,
      "treated_counterfactual_rmse": 6.012646397268703,
      "weighted": false
    },
    {
      "ate_abs_error": 0.08293550497050273,
      "ate_hat": 4.133774265013629,
      "ate_true": 4.050838760043126,
      "control_counterfactual_rmse": 1.1374127573970962,
      "counterfactual_rmse": 1.141791890619782,
      "dataset": "ihdp_npci_2.csv",
      "dataset_path": "C:\\Users\\hieuv\\Code\\452_proj\\csds452_project_spring_2026\\data\\ihdp_dataset\\csv\\ihdp_npci_2.csv",
      "k": 5,
      "metric": "euclidean",
      "pehe": 1.136805412953449,
      "scaled": true,
      "treated_counterfactual_rmse": 1.160752498079983,
      "weighted": false
    },
    {
      "ate_abs_error": 0.0018735897437398563,
      "ate_hat": 4.101037237715027,
      "ate_true": 4.099163647971287,
      "control_counterfactual_rmse": 1.0912579636670154,
      "counterfactual_rmse": 1.1374512544832651,
      "dataset": "ihdp_npci_3.csv",
      "dataset_path": "C:\\Users\\hieuv\\Code\\452_proj\\csds452_project_spring_2026\\data\\ihdp_dataset\\csv\\ihdp_npci_3.csv",
      "k": 5,
      "metric": "euclidean",
      "pehe": 1.1718833779197673,
      "scaled": true,
      "treated_counterfactual_rmse": 1.3206495395267173,
      "weighted": false
    },
    {
      "ate_abs_error": 0.012319902048892217,
      "ate_hat": 4.261358555389598,
      "ate_true": 4.27367845743849,
      "control_counterfactual_rmse": 1.178185273809127,
      "counterfactual_rmse": 1.316684460700809,
      "dataset": "ihdp_npci_4.csv",
      "dataset_path": "C:\\Users\\hieuv\\Code\\452_proj\\csds452_project_spring_2026\\data\\ihdp_dataset\\csv\\ihdp_npci_4.csv",
      "k": 5,
      "metric": "euclidean",
      "pehe": 1.2547368849624358,
      "scaled": true,
      "treated_counterfactual_rmse": 1.801408751112563,
      "weighted": false
    },
    {
      "ate_abs_error": 0.054594831010211564,
      "ate_hat": 4.217034538716429,
      "ate_true": 4.162439707706217,
      "control_counterfactual_rmse": 1.1589756131380735,
      "counterfactual_rmse": 1.4978075212220328,
      "dataset": "ihdp_npci_5.csv",
      "dataset_path": "C:\\Users\\hieuv\\Code\\452_proj\\csds452_project_spring_2026\\data\\ihdp_dataset\\csv\\ihdp_npci_5.csv",
      "k": 5,
      "metric": "euclidean",
      "pehe": 1.4529859938276068,
      "scaled": true,
      "treated_counterfactual_rmse": 2.4861628099971917,
      "weighted": false
    },
    {
      "ate_abs_error": 0.15019041716029058,
      "ate_hat": 4.154158011460829,
      "ate_true": 4.003967594300539,
      "control_counterfactual_rmse": 1.11596233604359,
      "counterfactual_rmse": 1.183686840773157,
      "dataset": "ihdp_npci_6.csv",
      "dataset_path": "C:\\Users\\hieuv\\Code\\452_proj\\csds452_project_spring_2026\\data\\ihdp_dataset\\csv\\ihdp_npci_6.csv",
      "k": 5,
      "metric": "euclidean",
      "pehe": 1.1434029983672727,
      "scaled": true,
      "treated_counterfactual_rmse": 1.4430344287340264,
      "weighted": false
    },
    {
      "ate_abs_error": 0.1320913432091495,
      "ate_hat": 3.858458150011159,
      "ate_true": 3.9905494932203087,
      "control_counterfactual_rmse": 1.155013200700845,
      "counterfactual_rmse": 1.1613565900980543,
      "dataset": "ihdp_npci_7.csv",
      "dataset_path": "C:\\Users\\hieuv\\Code\\452_proj\\csds452_project_spring_2026\\data\\ihdp_dataset\\csv\\ihdp_npci_7.csv",
      "k": 5,
      "metric": "euclidean",
      "pehe": 1.1162290281716047,
      "scaled": true,
      "treated_counterfactual_rmse": 1.188705418211813,
      "weighted": false
    },
    {
      "ate_abs_error": 0.16314086724609922,
      "ate_hat": 3.690512488388131,
      "ate_true": 3.85365335563423,
      "control_counterfactual_rmse": 1.185884016205977,
      "counterfactual_rmse": 1.3218158003904703,
      "dataset": "ihdp_npci_8.csv",
      "dataset_path": "C:\\Users\\hieuv\\Code\\452_proj\\csds452_project_spring_2026\\data\\ihdp_dataset\\csv\\ihdp_npci_8.csv",
      "k": 5,
      "metric": "euclidean",
      "pehe": 1.4332629841650029,
      "scaled": true,
      "treated_counterfactual_rmse": 1.7995064460358294,
      "weighted": false
    },
    {
      "ate_abs_error": 0.4601918559835738,
      "ate_hat": 10.92622917199245,
      "ate_true": 10.466037316008876,
      "control_counterfactual_rmse": 1.2319375681928895,
      "counterfactual_rmse": 8.777904258811134,
      "dataset": "ihdp_npci_9.csv",
      "dataset_path": "C:\\Users\\hieuv\\Code\\452_proj\\csds452_project_spring_2026\\data\\ihdp_dataset\\csv\\ihdp_npci_9.csv",
      "k": 5,
      "metric": "euclidean",
      "pehe": 8.789958501621319,
      "scaled": true,
      "treated_counterfactual_rmse": 20.185257835229063,
      "weighted": false
    }
  ]
}
