experiment_name,dataset_type,counterfactual_rmse,control_counterfactual_rmse,treated_counterfactual_rmse,pehe,ate_hat,ate_true,ate_abs_error
original,original,2.152848368835822,1.1556916964068062,3.8807527700606537,2.1438804128712263,4.807931770312263,4.7502395774402455,0.12164717118361286
gaussian_continuous_std_0p10,noisy,2.157472841089283,1.153163912484918,3.8937208780197827,2.1531099315994426,4.815875292101878,4.7502395774402455,0.1280029385410096
drop_global_5cols,noisy,2.36322033671784,1.154633548625324,4.3892477770249085,2.35246398623418,4.833338210975321,4.7502395774402455,0.15042298014511263
both_per_replication_std_0p10_drop5,noisy,2.16808746807183,1.1576345149529301,3.9468622778365514,2.1524769580545238,4.820013365082363,4.7502395774402455,0.13790571681708186
